{"center_h": 0.4786570593149541, "center_v": 0.3961904761904762}