{"center_h": 0.5097265086981397, "center_v": 0.46584492028179464}