{"center_h": 0.5041852950717068, "center_v": 0.43602668530300104}