{"center_h": 0.5143876848985208, "center_v": 0.45500000000000007}