{"center_h": 0.505445355476539, "center_v": 0.4498080428343586}