{"center_h": 0.521697027934704, "center_v": 0.45006526514421247}