{"center_h": 0.4863175094599243, "center_v": 0.4488095238095238}